{"options":{"check_for_updates":true,"comment":null,"compatopts_for_requires":true,"compat_wrappedjsobject":false,"compat_metadata":false,"compat_foreach":false,"compat_arrayleft":false,"compat_uW_gmonkey":false,"compat_forvarin":false,"noframes":null,"awareOfChrome":false,"run_at":null,"override":{"merge_connects":true,"merge_excludes":true,"merge_includes":true,"merge_matches":true,"orig_excludes":[],"orig_includes":[],"orig_matches":["https://*.salesforce.com/*e?s=ObjectsAndTabs*","https://trade--cops.lightning.force.com/lightning/setup/EnhancedProfiles/page?*%3DObjectsAndTabs%26o%3D*"],"orig_noframes":null,"orig_run_at":"document-idle","use_blockers":[],"use_connects":[],"use_excludes":[],"use_includes":[],"use_matches":[],"orig_connects":[]}},"settings":{"enabled":true,"position":4},"meta":{"name":"Mass Check FLS: Profiles","uuid":"2668535c-a64d-4f88-bf1a-93eb906bde2e","modified":1542643824054}}